name;count
"МЕЛКИЕ ДЕТАЛИ (2.00%)";"442"
АПЛИКАТОР;"400"
"ОБЛИЦОВКА БАМПЕРА З";"248"
"ДВЕРЬЗ ПР";"212"
"ОБРЕЗНАЯ НИТЬ";"209"
"ОЧИЩАЮЩИЙ РАСТВОР";"209"
"ОБЛИЦОВКА ДВЕРИ З ПР";"208"
ДВЕРЬЗЛ;"206"
"НАКЛ РУЧКА З ВНУ ПР";"202"
"СТЕКЛО ДВЕРИ З ПР";"202"
"ПОДКРЫЛОК З ПР";"197"
"ОБЛИЦОВКА ДВЕРИ ЗЛ";"196"
"АКТИВАТОР СТЕКЛА З";"195"
"К-Т КЛЕЯ Д/СТЕКЛА З";"195"
"ПРАЙМЕР ЗАДН СТЕКЛО";"195"
"СТ-ПОДЪЕМНИК З ПР";"188"
"СТЕКЛО ЗАДНЕЕ";"187"
"ГАБ ФОНАРЬ З ПР В СБ";"179"
"КРЕП ПЛАНК БАМПЕР ЗД";"177"
ПОДКРЫЛОКЗЛ;"174"
"СТЕКЛО ДВЕРИ З Л";"172"
"АБСОРБЕР БАМПЕРА 3";"171"
"КРЫШКА БАГАЖНИКА";"170"
"ЩИТОК ЗАДКА";"170"
"ЭМБЛЕМА ""POLO""";"170"
"МОЛДИНГ БАМПЕРА З";"166"
"НАКЛ РУЧКА З ВНУ Л";"164"
"К-Т НАПРАВЛ БАМПЕРА";"158"
"ОБЛИЦ КРЫШК БАГАЖН";"158"
"ЩИТОК ЗАДКА НИЖ";"157"
"МОЛДИНГ ПР БАМПЕР З";"141"
"ГАБ ФОНАРЬ З Л В СБ";"136"
"БОКОВАЯ РАМА ПР В СБ";"134"
"МОЛД Л БАМПЕР З";"128"
"СТ-ПОДЪЕМНИК З Л";"112"
"ОТРАЖАТЕЛЬ Л";"106"
"ПОЛ БАГАЖНИКА З";"106"
"ПАН КРЕП ФОНАРЯ З Л";"103"
"ОБЛ ЩИТКА ЗАДКА";"101"
"БОКОВАЯ РАМА Л В СБ";"99"
"ПАН КРЕП ФОНАРЯ З ПР";"99"
"СОЕДИНИТ ПАНЕЛЬЗЛ";"84"
"ШАРНИР В ДВЕРЬЗ ПР";"84"
"ШАРНИР Н ДВЕРЬЗ ПР";"82"
"ВОДОСТОЧН КАНАЛ З Л";"80"
"ПОЛ БАГАЖНИКА П";"80"
"РУЧКА ДВЕРИ НАР З ПР";"80"
"УПЛ К-ЦО КРЫШКИ БАГ";"80"
"ВОДОСТОЧН КАНАЛ З ПР";"78"
"НАПРАВЛ ДВЕРИ З ПР";"78"
"ФИКСАТОР ДВЕРИ З ПР";"74"
"ШАРНИР Л КРЫШКИ БАГ";"73"
"ШУМОИЗОЛ ДВЕРИ З ПР";"72"
"ШАРНИР ПР КРЫШКИ БАГ";"71"
"ДОПОЛН СТОП-СИГНАЛ";"70"
"ЭЛ-ДВ СТ-ПОДЪЁМ З ПР";"70"
"ЗАМОК ДВЕРИ З ПР";"68"
"ТОПЛИВНЫЙ БАК";"67"
"БАГАЖНАЯ КРЫШКА";"66"
"НАСТИЛ БАГАЖНИКА";"64"
"ЗАДН СТЕНКА ВЕР";"62"
"ЯЩИК Д/ИНСТРУМЕНТОВ";"62"
"БАЛКА МОСТА З";"60"
"КОЛЁСНЫЙ ДИСК З Л";"58"
"ОБЛИЦ Л БАГАЖНИКА";"58"
"ПОПЕР ПОЛ БАГАЖНИКА";"57"
"УСИЛИТ З ПАНЕЛЬ ПОЛА";"55"
"ШАРНИР Н ДВЕРЬЗЛ";"54"
"ОБЛ ПР БАГАЖНИКА";"52"
"ШАРНИР В ДВЕРЬЗЛ";"52"
"ОГР ХОДА ДВЕРИ З Л";"50"
"ПОПЕР ЗАДНИЙ ОТСЕК";"48"
"ЛОНЖЕРОН З ПР В СБ";"46"
"РУЧКА ВНУ ДВЕРЬ З Л";"46"
"ЛОНЖЕРОНЗЛ В";"44"
"НАПРАВЛ ДВЕРИ З Л";"44"
"РАМКА НОМЕР ЗНАКА З";"42"
"РУЧКА ДВЕРИ НАР З Л";"42"
"ПОДКРЫЛОК ВНУЛ";"41"
"ОБЛИЦ С-СТОЙКИ Л";"40"
"ПАНЕЛЬ КРЕПЛ З Л";"39"
"КОЛЁСНЫЙ ДИСК З ПР";"38"
"ОБЛИЦ С-СТОЙКИ ПР";"38"
"ПАНЕЛЬ КРЕПЛ З ПР";"38"
"СУППОРТ З Л";"36"
"СКОБА СУППОРТА З Л";"34"
"СУППОРТ З ПР";"34"
АДСОРБЕР;"32"
"АМОРТИЗАТОР З Л";"32"
"СКОБА СУППОРТА З ПР";"32"
"ОБЛ АРКИ КОЛЕСА З Л";"31"
"ЛЮЧОК Т/БАКА";"29"
"РЕМЕНЬ БЕЗОПАСН З СР";"28"
"ТОРМОЗНОЙ ДИСКЗЛ";"28"
"УПЛ ВНУТ ДВЕРЬ З Л";"28"
"ТОРМОЗНОЙ ДИСК З Л";"26"
"ТОРМОЗНОЙ ДИСК З ПР";"26"
"БОКОВИНА З ВНУ Л";"25"
"МОЛДИНГ ПР БАМПЕРЗ";"25"
"БОКОВИНА З ВНУ ПР";"24"
"КОЖУХ К/АРКИ З НАР Л";"24"
"ДАТЧ УР ТОПЛ/ТОП НАС";"22"
"ТОПЛИВНЫЙ ФИЛЬТР";"20"
"УСИЛ С-СТ ВНУТР Л В";"19"
"УСИЛ С-СТ ВНУТР ПР В";"18"
"УДЛИН ЛОНЖЕР З Л";"15"
"ПОПЕРЕЧ Л ПАН ПОЛА";"14"
"УДЛИН ЛОНЖЕР З ПР";"14"
"БОКОВИНА ВНУ Л Н";"11"
"ПОПЕРЕЧ ПР ПАН ПОЛА";"10"
"ТОРМОЗНОЙ ДИСКЗ ПР";"10"
"К-Т КЛЕЯ ОКНО БОК Л";"9"
"К-Т КЛЕЯ ОКНО БОК ПР";"8"
"КОЖУХ К/АРК З НАР ПР";"6"
"ПОДКРЫЛОК ВНУ ПР";"6"
"АКТИВАТОР БОК СТЕКЛО";"5"
"ГРУНТОВКА БОК СТЕКЛО";"5"
"БОКОВ СТЕКЛО З Л";"3"
"БОКОВ СТЕКЛО З ПР";"3"
"ВОЗ РЕШЕТКА З Л";"3"
"ДЕРЖ ПАНЕЛЬ ПОЛА З Л";"3"
"ЛОНЖЕРОН З Л В";"3"
"НАПРАВЛ Л БАМПЕРА З";"3"
"ОБЛ АРКИ КОЛЕСА З ПР";"3"
"БОКОВИНА ВНУ ПР Н";"2"
"БУКСИРН КРЮК З";"2"
"ВОДОСТОЧН КАНАЛ ЗЛ";"2"
"ЗАГЛУШ ЛОНЖЕРОН З Л";"2"
"ЗАМОК КРЫШКИ БАГАЖ";"2"
ЛОНЖЕРОНЗЛ;"2"
"НАПРАВЛ ПР БАМПЕРА З";"2"
"НОМЕРНОЙ ЗНАКЗ";"2"
"ОТРАЖАТЕЛЬ ПР";"2"
"СОЕДИНИТ ПАНЕЛЬ З ПР";"2"
"ФОНАРЬ НОМЕР ЗНАК Л";"2"
"ФОНАРЬ НОМЕР ЗНАК ПР";"2"
"VW-ЭМБЛЕМА З";"1"
"ВОЗ РЕШЕТКА З ПР";"1"
"ДЕРЖ АРКИ КОЛЕСА";"1"
"ДЕРЖ ПАНЕЛЬ ПОЛ З ПР";"1"
"ДЕРЖ ПАНЕЛЬ ПОЛА З ПР";"1"
"ЗАГЛУШ ЛОНЖЕРОН З ПР";"1"
"ЗАКРЫВ ПАНЕЛЬ З";"1"
"КРЕПЛ АМ СТОЙКИ З Л";"1"
"КРЕПЛ АМ СТОЙКИ З ПР";"1"
"КРП ЗАЛ ГОРЛ Т/БАКА";"1"
"ЛОНЖЕРОН З Л";"1"
"СОЕДИН БОК Ч ВНУ ПР";"1"
"СОЕДИНИТ БОК Ч ВНУ Л";"1"
"СОЕДИНИТ БОК Ч ВНУ ПР";"1"
"УСИЛ РАМА КРЫШ Л ВНУ";"1"
"УСИЛ РАМА КРЫШ ПР ВНУ";"1"
"УСИЛИТ БОК Ч ПР ВНУ";"1"
"УСИЛИТ БОК ЧСТ Л ВНУ";"1"
